"LOCATION,""INDICATOR"",""SUBJECT"",""MEASURE"",""FREQUENCY"",""TIME"",""Value"",""Flag Codes"""							https://data.oecd.org/transport/passenger-transport.htm
"BEL,""PASSTRANSP"",""ROAD"",""MLN_PKM"",""A"",""1998"",112960,"							
"BEL,""PASSTRANSP"",""ROAD"",""MLN_PKM"",""A"",""1999"",116460,"							
"BEL,""PASSTRANSP"",""ROAD"",""MLN_PKM"",""A"",""2000"",119400,"							
"BEL,""PASSTRANSP"",""ROAD"",""MLN_PKM"",""A"",""2001"",121470,"							
"BEL,""PASSTRANSP"",""ROAD"",""MLN_PKM"",""A"",""2002"",123960,"							
"BEL,""PASSTRANSP"",""ROAD"",""MLN_PKM"",""A"",""2003"",124730,"							
"BEL,""PASSTRANSP"",""ROAD"",""MLN_PKM"",""A"",""2004"",126800,"							
"BEL,""PASSTRANSP"",""ROAD"",""MLN_PKM"",""A"",""2005"",126960,"							
"BEL,""PASSTRANSP"",""ROAD"",""MLN_PKM"",""A"",""2006"",127990,"							
"BEL,""PASSTRANSP"",""ROAD"",""MLN_PKM"",""A"",""2007"",130810,"							
"BEL,""PASSTRANSP"",""ROAD"",""MLN_PKM"",""A"",""2008"",130620,"							
"BEL,""PASSTRANSP"",""ROAD"",""MLN_PKM"",""A"",""2009"",131060,"							
"BEL,""PASSTRANSP"",""ROAD"",""MLN_PKM"",""A"",""2010"",126773,"							
"BEL,""PASSTRANSP"",""ROAD"",""MLN_PKM"",""A"",""2011"",127640,"							
"BEL,""PASSTRANSP"",""ROAD"",""MLN_PKM"",""A"",""2012"",128046,"							
"BEL,""PASSTRANSP"",""ROAD"",""MLN_PKM"",""A"",""2013"",121530,"							
"BEL,""PASSTRANSP"",""ROAD"",""MLN_PKM"",""A"",""2014"",123980,"							
"BEL,""PASSTRANSP"",""ROAD"",""MLN_PKM"",""A"",""2015"",122240,"							
"BEL,""PASSTRANSP"",""ROAD"",""MLN_PKM"",""A"",""2016"",119500,"							
"CZE,""PASSTRANSP"",""ROAD"",""MLN_PKM"",""A"",""1998"",68461,"							
"CZE,""PASSTRANSP"",""ROAD"",""MLN_PKM"",""A"",""1999"",71049,"							
"CZE,""PASSTRANSP"",""ROAD"",""MLN_PKM"",""A"",""2000"",73291,"							
"CZE,""PASSTRANSP"",""ROAD"",""MLN_PKM"",""A"",""2001"",74078,"							
"CZE,""PASSTRANSP"",""ROAD"",""MLN_PKM"",""A"",""2002"",74958,"							
"CZE,""PASSTRANSP"",""ROAD"",""MLN_PKM"",""A"",""2003"",76809,"							
"CZE,""PASSTRANSP"",""ROAD"",""MLN_PKM"",""A"",""2004"",76086,"							
"CZE,""PASSTRANSP"",""ROAD"",""MLN_PKM"",""A"",""2005"",77248,"							
"CZE,""PASSTRANSP"",""ROAD"",""MLN_PKM"",""A"",""2006"",79131,"							
"CZE,""PASSTRANSP"",""ROAD"",""MLN_PKM"",""A"",""2007"",81059,"							
"CZE,""PASSTRANSP"",""ROAD"",""MLN_PKM"",""A"",""2008"",81749,"							
"CZE,""PASSTRANSP"",""ROAD"",""MLN_PKM"",""A"",""2009"",81784,"							
"CZE,""PASSTRANSP"",""ROAD"",""MLN_PKM"",""A"",""2010"",74386,""B"""							
"CZE,""PASSTRANSP"",""ROAD"",""MLN_PKM"",""A"",""2011"",74757,"							
"CZE,""PASSTRANSP"",""ROAD"",""MLN_PKM"",""A"",""2012"",73275,"							
"CZE,""PASSTRANSP"",""ROAD"",""MLN_PKM"",""A"",""2013"",73676,"							
"CZE,""PASSTRANSP"",""ROAD"",""MLN_PKM"",""A"",""2014"",76270,"							
"CZE,""PASSTRANSP"",""ROAD"",""MLN_PKM"",""A"",""2015"",79700.9,"							
"CZE,""PASSTRANSP"",""ROAD"",""MLN_PKM"",""A"",""2016"",82512.1,"							
"CZE,""PASSTRANSP"",""ROAD"",""MLN_PKM"",""A"",""2017"",85504.8,"							
"CZE,""PASSTRANSP"",""ROAD"",""MLN_PKM"",""A"",""2018"",88921.4,"							
"CZE,""PASSTRANSP"",""ROAD"",""MLN_PKM"",""A"",""2019"",91726,"							
"DNK,""PASSTRANSP"",""ROAD"",""MLN_PKM"",""A"",""1998"",63942,"							
"DNK,""PASSTRANSP"",""ROAD"",""MLN_PKM"",""A"",""1999"",65010,"							
"DNK,""PASSTRANSP"",""ROAD"",""MLN_PKM"",""A"",""2000"",64194,"							
"DNK,""PASSTRANSP"",""ROAD"",""MLN_PKM"",""A"",""2001"",63386,"							
"DNK,""PASSTRANSP"",""ROAD"",""MLN_PKM"",""A"",""2002"",63473,"							
"DNK,""PASSTRANSP"",""ROAD"",""MLN_PKM"",""A"",""2003"",64016,"							
"DNK,""PASSTRANSP"",""ROAD"",""MLN_PKM"",""A"",""2004"",65452,"							
"DNK,""PASSTRANSP"",""ROAD"",""MLN_PKM"",""A"",""2005"",65517,"							
"DNK,""PASSTRANSP"",""ROAD"",""MLN_PKM"",""A"",""2006"",66191,"							
"DNK,""PASSTRANSP"",""ROAD"",""MLN_PKM"",""A"",""2007"",67815,"							
"DNK,""PASSTRANSP"",""ROAD"",""MLN_PKM"",""A"",""2008"",67791,"							
"DNK,""PASSTRANSP"",""ROAD"",""MLN_PKM"",""A"",""2009"",67236,"							
"DNK,""PASSTRANSP"",""ROAD"",""MLN_PKM"",""A"",""2010"",66612,"							
"DNK,""PASSTRANSP"",""ROAD"",""MLN_PKM"",""A"",""2011"",66612,"							
"DNK,""PASSTRANSP"",""ROAD"",""MLN_PKM"",""A"",""2012"",67039,"							
"DNK,""PASSTRANSP"",""ROAD"",""MLN_PKM"",""A"",""2013"",67551,"							
"DNK,""PASSTRANSP"",""ROAD"",""MLN_PKM"",""A"",""2014"",67026.550518915,"							
"DNK,""PASSTRANSP"",""ROAD"",""MLN_PKM"",""A"",""2015"",67544.075461366,"							
"DNK,""PASSTRANSP"",""ROAD"",""MLN_PKM"",""A"",""2016"",66544.317598197,"							
"FIN,""PASSTRANSP"",""ROAD"",""MLN_PKM"",""A"",""1998"",61100,"							
"FIN,""PASSTRANSP"",""ROAD"",""MLN_PKM"",""A"",""1999"",62500,"							
"FIN,""PASSTRANSP"",""ROAD"",""MLN_PKM"",""A"",""2000"",63400,"							
"FIN,""PASSTRANSP"",""ROAD"",""MLN_PKM"",""A"",""2001"",64700,"							
"FIN,""PASSTRANSP"",""ROAD"",""MLN_PKM"",""A"",""2002"",66000,"							
"FIN,""PASSTRANSP"",""ROAD"",""MLN_PKM"",""A"",""2003"",67260,"							
"FIN,""PASSTRANSP"",""ROAD"",""MLN_PKM"",""A"",""2004"",68545,"							
"FIN,""PASSTRANSP"",""ROAD"",""MLN_PKM"",""A"",""2005"",69450,"							
"FIN,""PASSTRANSP"",""ROAD"",""MLN_PKM"",""A"",""2006"",69995,"							
"FIN,""PASSTRANSP"",""ROAD"",""MLN_PKM"",""A"",""2007"",71325,"							
"FIN,""PASSTRANSP"",""ROAD"",""MLN_PKM"",""A"",""2008"",70940,"							
"FIN,""PASSTRANSP"",""ROAD"",""MLN_PKM"",""A"",""2009"",71870,"							
"FIN,""PASSTRANSP"",""ROAD"",""MLN_PKM"",""A"",""2010"",72285,"							
"FIN,""PASSTRANSP"",""ROAD"",""MLN_PKM"",""A"",""2011"",73030,"							
"FIN,""PASSTRANSP"",""ROAD"",""MLN_PKM"",""A"",""2012"",72810,"							
"FIN,""PASSTRANSP"",""ROAD"",""MLN_PKM"",""A"",""2013"",72655,"							
"FIN,""PASSTRANSP"",""ROAD"",""MLN_PKM"",""A"",""2014"",73060,"							
"FIN,""PASSTRANSP"",""ROAD"",""MLN_PKM"",""A"",""2015"",73835,"							
"FIN,""PASSTRANSP"",""ROAD"",""MLN_PKM"",""A"",""2016"",65262,""B"""							
"FIN,""PASSTRANSP"",""ROAD"",""MLN_PKM"",""A"",""2017"",74800,""B"""							
"FIN,""PASSTRANSP"",""ROAD"",""MLN_PKM"",""A"",""2018"",74800,"							
"FIN,""PASSTRANSP"",""ROAD"",""MLN_PKM"",""A"",""2019"",74700,"							
"FRA,""PASSTRANSP"",""ROAD"",""MLN_PKM"",""A"",""1998"",729859,"							
"FRA,""PASSTRANSP"",""ROAD"",""MLN_PKM"",""A"",""1999"",746485,"							
"FRA,""PASSTRANSP"",""ROAD"",""MLN_PKM"",""A"",""2000"",747054,"							
"FRA,""PASSTRANSP"",""ROAD"",""MLN_PKM"",""A"",""2001"",770918,"							
"FRA,""PASSTRANSP"",""ROAD"",""MLN_PKM"",""A"",""2002"",777226,"							
"FRA,""PASSTRANSP"",""ROAD"",""MLN_PKM"",""A"",""2003"",779163,"							
"FRA,""PASSTRANSP"",""ROAD"",""MLN_PKM"",""A"",""2004"",777323,"							
"FRA,""PASSTRANSP"",""ROAD"",""MLN_PKM"",""A"",""2005"",767290,"							
"FRA,""PASSTRANSP"",""ROAD"",""MLN_PKM"",""A"",""2006"",765879,"							
"FRA,""PASSTRANSP"",""ROAD"",""MLN_PKM"",""A"",""2007"",771178,"							
"FRA,""PASSTRANSP"",""ROAD"",""MLN_PKM"",""A"",""2008"",756610,"							
"FRA,""PASSTRANSP"",""ROAD"",""MLN_PKM"",""A"",""2009"",757177,"							
"FRA,""PASSTRANSP"",""ROAD"",""MLN_PKM"",""A"",""2010"",763941,"							
"FRA,""PASSTRANSP"",""ROAD"",""MLN_PKM"",""A"",""2011"",764529,"							
"FRA,""PASSTRANSP"",""ROAD"",""MLN_PKM"",""A"",""2012"",836286,""B"""							
"FRA,""PASSTRANSP"",""ROAD"",""MLN_PKM"",""A"",""2013"",832651,"							
"FRA,""PASSTRANSP"",""ROAD"",""MLN_PKM"",""A"",""2014"",838532,"							
"FRA,""PASSTRANSP"",""ROAD"",""MLN_PKM"",""A"",""2015"",845241,"							
"FRA,""PASSTRANSP"",""ROAD"",""MLN_PKM"",""A"",""2016"",855013,"							
"FRA,""PASSTRANSP"",""ROAD"",""MLN_PKM"",""A"",""2017"",861602,"							
"FRA,""PASSTRANSP"",""ROAD"",""MLN_PKM"",""A"",""2018"",861944,"							
"FRA,""PASSTRANSP"",""ROAD"",""MLN_PKM"",""A"",""2019"",859367,"							
"DEU,""PASSTRANSP"",""ROAD"",""MLN_PKM"",""A"",""1998"",895600,"							
"DEU,""PASSTRANSP"",""ROAD"",""MLN_PKM"",""A"",""1999"",916400,"							
"DEU,""PASSTRANSP"",""ROAD"",""MLN_PKM"",""A"",""2000"",900300,"							
"DEU,""PASSTRANSP"",""ROAD"",""MLN_PKM"",""A"",""2001"",921300,"							
"DEU,""PASSTRANSP"",""ROAD"",""MLN_PKM"",""A"",""2002"",930500,"							
"DEU,""PASSTRANSP"",""ROAD"",""MLN_PKM"",""A"",""2003"",925200,"							
"DEU,""PASSTRANSP"",""ROAD"",""MLN_PKM"",""A"",""2004"",951493,""B"""							
"DEU,""PASSTRANSP"",""ROAD"",""MLN_PKM"",""A"",""2005"",939389,"							
"DEU,""PASSTRANSP"",""ROAD"",""MLN_PKM"",""A"",""2006"",945052,"							
"DEU,""PASSTRANSP"",""ROAD"",""MLN_PKM"",""A"",""2007"",947807,"							
"DEU,""PASSTRANSP"",""ROAD"",""MLN_PKM"",""A"",""2008"",950882,"							
"DEU,""PASSTRANSP"",""ROAD"",""MLN_PKM"",""A"",""2009"",959694,"							
"DEU,""PASSTRANSP"",""ROAD"",""MLN_PKM"",""A"",""2010"",962892,"							
"DEU,""PASSTRANSP"",""ROAD"",""MLN_PKM"",""A"",""2011"",972357,"							
"DEU,""PASSTRANSP"",""ROAD"",""MLN_PKM"",""A"",""2012"",972319,"							
"DEU,""PASSTRANSP"",""ROAD"",""MLN_PKM"",""A"",""2013"",980246,"							
"DEU,""PASSTRANSP"",""ROAD"",""MLN_PKM"",""A"",""2014"",995190,"							
"DEU,""PASSTRANSP"",""ROAD"",""MLN_PKM"",""A"",""2015"",1008771,"							
"DEU,""PASSTRANSP"",""ROAD"",""MLN_PKM"",""A"",""2016"",1027755,"							
"DEU,""PASSTRANSP"",""ROAD"",""MLN_PKM"",""A"",""2017"",1000630,""P"""							
"DEU,""PASSTRANSP"",""ROAD"",""MLN_PKM"",""A"",""2018"",1000302,""P"""							
"GRC,""PASSTRANSP"",""ROAD"",""MLN_PKM"",""A"",""1998"",37978,"							
"GRC,""PASSTRANSP"",""ROAD"",""MLN_PKM"",""A"",""1999"",39993,"							
"GRC,""PASSTRANSP"",""ROAD"",""MLN_PKM"",""A"",""2000"",40458,""E"""							
"GRC,""PASSTRANSP"",""ROAD"",""MLN_PKM"",""A"",""2001"",41083,""E"""							
"GRC,""PASSTRANSP"",""ROAD"",""MLN_PKM"",""A"",""2002"",41811,""E"""							
"GRC,""PASSTRANSP"",""ROAD"",""MLN_PKM"",""A"",""2003"",42029,""E"""							
"GRC,""PASSTRANSP"",""ROAD"",""MLN_PKM"",""A"",""2004"",42596,""E"""							
"GRC,""PASSTRANSP"",""ROAD"",""MLN_PKM"",""A"",""2005"",42484,""E"""							
"GRC,""PASSTRANSP"",""ROAD"",""MLN_PKM"",""A"",""2006"",42309,""E"""							
"GRC,""PASSTRANSP"",""ROAD"",""MLN_PKM"",""A"",""2007"",42577,""E"""							
"GRC,""PASSTRANSP"",""ROAD"",""MLN_PKM"",""A"",""2008"",42182,""E"""							
"HUN,""PASSTRANSP"",""ROAD"",""MLN_PKM"",""A"",""1998"",64419,"							
"HUN,""PASSTRANSP"",""ROAD"",""MLN_PKM"",""A"",""1999"",64294,"							
"HUN,""PASSTRANSP"",""ROAD"",""MLN_PKM"",""A"",""2000"",64622,"							
"HUN,""PASSTRANSP"",""ROAD"",""MLN_PKM"",""A"",""2001"",64506,"							
"HUN,""PASSTRANSP"",""ROAD"",""MLN_PKM"",""A"",""2002"",64702,"							
"HUN,""PASSTRANSP"",""ROAD"",""MLN_PKM"",""A"",""2003"",66122,"							
"HUN,""PASSTRANSP"",""ROAD"",""MLN_PKM"",""A"",""2004"",67529,"							
"HUN,""PASSTRANSP"",""ROAD"",""MLN_PKM"",""A"",""2005"",66638,"							
"HUN,""PASSTRANSP"",""ROAD"",""MLN_PKM"",""A"",""2006"",69630,"							
"HUN,""PASSTRANSP"",""ROAD"",""MLN_PKM"",""A"",""2007"",70447,"							
"HUN,""PASSTRANSP"",""ROAD"",""MLN_PKM"",""A"",""2008"",70984,"							
"HUN,""PASSTRANSP"",""ROAD"",""MLN_PKM"",""A"",""2009"",70477,"							
"HUN,""PASSTRANSP"",""ROAD"",""MLN_PKM"",""A"",""2010"",68845,"							
"HUN,""PASSTRANSP"",""ROAD"",""MLN_PKM"",""A"",""2011"",68510,"							
"HUN,""PASSTRANSP"",""ROAD"",""MLN_PKM"",""A"",""2012"",68661,"							
"HUN,""PASSTRANSP"",""ROAD"",""MLN_PKM"",""A"",""2013"",68788,"							
"HUN,""PASSTRANSP"",""ROAD"",""MLN_PKM"",""A"",""2014"",70162.677,""E"""							
"HUN,""PASSTRANSP"",""ROAD"",""MLN_PKM"",""A"",""2015"",72220.7766,""E"""							
"HUN,""PASSTRANSP"",""ROAD"",""MLN_PKM"",""A"",""2016"",74976.9021,""E"""							
"HUN,""PASSTRANSP"",""ROAD"",""MLN_PKM"",""A"",""2017"",78745.268,""E"""							
"HUN,""PASSTRANSP"",""ROAD"",""MLN_PKM"",""A"",""2018"",82606.9168,""E"""							
"HUN,""PASSTRANSP"",""ROAD"",""MLN_PKM"",""A"",""2019"",85756.2439,""E"""							
"ISL,""PASSTRANSP"",""ROAD"",""MLN_PKM"",""A"",""1998"",3854,"							
"ISL,""PASSTRANSP"",""ROAD"",""MLN_PKM"",""A"",""1999"",4115,"							
"ISL,""PASSTRANSP"",""ROAD"",""MLN_PKM"",""A"",""2000"",4250,"							
"ISL,""PASSTRANSP"",""ROAD"",""MLN_PKM"",""A"",""2001"",4458,""E"""							
"ISL,""PASSTRANSP"",""ROAD"",""MLN_PKM"",""A"",""2002"",4583,""E"""							
"ISL,""PASSTRANSP"",""ROAD"",""MLN_PKM"",""A"",""2003"",4711,""E"""							
"ISL,""PASSTRANSP"",""ROAD"",""MLN_PKM"",""A"",""2004"",4855,""E"""							
"ISL,""PASSTRANSP"",""ROAD"",""MLN_PKM"",""A"",""2005"",5145,""E"""							
"ISL,""PASSTRANSP"",""ROAD"",""MLN_PKM"",""A"",""2006"",5455,""E"""							
"ISL,""PASSTRANSP"",""ROAD"",""MLN_PKM"",""A"",""2007"",5730,""E"""							
"ISL,""PASSTRANSP"",""ROAD"",""MLN_PKM"",""A"",""2008"",5587,""E"""							
"ISL,""PASSTRANSP"",""ROAD"",""MLN_PKM"",""A"",""2009"",5647,""E"""							
"ISL,""PASSTRANSP"",""ROAD"",""MLN_PKM"",""A"",""2010"",5596,""E"""							
"ISL,""PASSTRANSP"",""ROAD"",""MLN_PKM"",""A"",""2011"",5392,""E"""							
"ISL,""PASSTRANSP"",""ROAD"",""MLN_PKM"",""A"",""2012"",5454,""E"""							
"ISL,""PASSTRANSP"",""ROAD"",""MLN_PKM"",""A"",""2013"",5611,""E"""							
"ISL,""PASSTRANSP"",""ROAD"",""MLN_PKM"",""A"",""2014"",5899,""E"""							
"ISL,""PASSTRANSP"",""ROAD"",""MLN_PKM"",""A"",""2015"",6296,""E"""							
"ISL,""PASSTRANSP"",""ROAD"",""MLN_PKM"",""A"",""2016"",7301,"							
"ISL,""PASSTRANSP"",""ROAD"",""MLN_PKM"",""A"",""2017"",7994,"							
"ISL,""PASSTRANSP"",""ROAD"",""MLN_PKM"",""A"",""2018"",8293,"							
"ITA,""PASSTRANSP"",""ROAD"",""MLN_PKM"",""A"",""1998"",753054,"							
"ITA,""PASSTRANSP"",""ROAD"",""MLN_PKM"",""A"",""1999"",755274,"							
"ITA,""PASSTRANSP"",""ROAD"",""MLN_PKM"",""A"",""2000"",807481,""B"""							
"ITA,""PASSTRANSP"",""ROAD"",""MLN_PKM"",""A"",""2001"",813276,"							
"ITA,""PASSTRANSP"",""ROAD"",""MLN_PKM"",""A"",""2002"",808678,"							
"ITA,""PASSTRANSP"",""ROAD"",""MLN_PKM"",""A"",""2003"",809307,"							
"ITA,""PASSTRANSP"",""ROAD"",""MLN_PKM"",""A"",""2004"",815820,"							
"ITA,""PASSTRANSP"",""ROAD"",""MLN_PKM"",""A"",""2005"",777968,"							
"ITA,""PASSTRANSP"",""ROAD"",""MLN_PKM"",""A"",""2006"",779304,"							
"ITA,""PASSTRANSP"",""ROAD"",""MLN_PKM"",""A"",""2007"",779713,"							
"ITA,""PASSTRANSP"",""ROAD"",""MLN_PKM"",""A"",""2008"",778797,"							
"ITA,""PASSTRANSP"",""ROAD"",""MLN_PKM"",""A"",""2009"",821618,"							
"ITA,""PASSTRANSP"",""ROAD"",""MLN_PKM"",""A"",""2010"",800609,"							
"ITA,""PASSTRANSP"",""ROAD"",""MLN_PKM"",""A"",""2011"",767772,"							
"ITA,""PASSTRANSP"",""ROAD"",""MLN_PKM"",""A"",""2012"",680180,"							
"ITA,""PASSTRANSP"",""ROAD"",""MLN_PKM"",""A"",""2013"",722138,"							
"ITA,""PASSTRANSP"",""ROAD"",""MLN_PKM"",""A"",""2014"",745726,"							
"ITA,""PASSTRANSP"",""ROAD"",""MLN_PKM"",""A"",""2015"",778990,"							
"ITA,""PASSTRANSP"",""ROAD"",""MLN_PKM"",""A"",""2016"",807641,"							
"ITA,""PASSTRANSP"",""ROAD"",""MLN_PKM"",""A"",""2017"",848093,"							
"ITA,""PASSTRANSP"",""ROAD"",""MLN_PKM"",""A"",""2018"",826284,"							
"ITA,""PASSTRANSP"",""ROAD"",""MLN_PKM"",""A"",""2019"",849198,""P"""							
"NLD,""PASSTRANSP"",""ROAD"",""MLN_PKM"",""A"",""1998"",152100,"							
"NLD,""PASSTRANSP"",""ROAD"",""MLN_PKM"",""A"",""1999"",156400,""B"""							
"NLD,""PASSTRANSP"",""ROAD"",""MLN_PKM"",""A"",""2000"",156553,"							
"NLD,""PASSTRANSP"",""ROAD"",""MLN_PKM"",""A"",""2001"",157083,""E"""							
"NLD,""PASSTRANSP"",""ROAD"",""MLN_PKM"",""A"",""2002"",159627,""E"""							
"NLD,""PASSTRANSP"",""ROAD"",""MLN_PKM"",""A"",""2003"",161700,""E"""							
"NLD,""PASSTRANSP"",""ROAD"",""MLN_PKM"",""A"",""2004"",167449,""E"""							
"NLD,""PASSTRANSP"",""ROAD"",""MLN_PKM"",""A"",""2005"",164834,""E"""							
"NLD,""PASSTRANSP"",""ROAD"",""MLN_PKM"",""A"",""2006"",163630,""E"""							
"NLD,""PASSTRANSP"",""ROAD"",""MLN_PKM"",""A"",""2007"",166605,""E"""							
"NLD,""PASSTRANSP"",""ROAD"",""MLN_PKM"",""A"",""2008"",163236,""E"""							
"NLD,""PASSTRANSP"",""ROAD"",""MLN_PKM"",""A"",""2010"",144200,""B"""							
"NLD,""PASSTRANSP"",""ROAD"",""MLN_PKM"",""A"",""2011"",144400,"							
"NLD,""PASSTRANSP"",""ROAD"",""MLN_PKM"",""A"",""2012"",139600,"							
"NLD,""PASSTRANSP"",""ROAD"",""MLN_PKM"",""A"",""2013"",145400,"							
"NLD,""PASSTRANSP"",""ROAD"",""MLN_PKM"",""A"",""2014"",145000,"							
"NLD,""PASSTRANSP"",""ROAD"",""MLN_PKM"",""A"",""2015"",139500,"							
"NLD,""PASSTRANSP"",""ROAD"",""MLN_PKM"",""A"",""2016"",140800,"							
"NLD,""PASSTRANSP"",""ROAD"",""MLN_PKM"",""A"",""2017"",138700,"							
"NLD,""PASSTRANSP"",""ROAD"",""MLN_PKM"",""A"",""2018"",144700,""B"""							
"NOR,""PASSTRANSP"",""ROAD"",""MLN_PKM"",""A"",""1998"",53478,"							
"NOR,""PASSTRANSP"",""ROAD"",""MLN_PKM"",""A"",""1999"",54508,"							
"NOR,""PASSTRANSP"",""ROAD"",""MLN_PKM"",""A"",""2000"",55314,"							
"NOR,""PASSTRANSP"",""ROAD"",""MLN_PKM"",""A"",""2001"",56463,"							
"NOR,""PASSTRANSP"",""ROAD"",""MLN_PKM"",""A"",""2002"",57612,"							
"NOR,""PASSTRANSP"",""ROAD"",""MLN_PKM"",""A"",""2003"",58007,"							
"NOR,""PASSTRANSP"",""ROAD"",""MLN_PKM"",""A"",""2004"",58573,"							
"NOR,""PASSTRANSP"",""ROAD"",""MLN_PKM"",""A"",""2005"",58339,"							
"NOR,""PASSTRANSP"",""ROAD"",""MLN_PKM"",""A"",""2006"",59196,"							
"NOR,""PASSTRANSP"",""ROAD"",""MLN_PKM"",""A"",""2007"",60943,"							
"NOR,""PASSTRANSP"",""ROAD"",""MLN_PKM"",""A"",""2008"",62103,"							
"NOR,""PASSTRANSP"",""ROAD"",""MLN_PKM"",""A"",""2009"",62744,"							
"NOR,""PASSTRANSP"",""ROAD"",""MLN_PKM"",""A"",""2010"",62718,""B"""							
"NOR,""PASSTRANSP"",""ROAD"",""MLN_PKM"",""A"",""2011"",63701,"							
"NOR,""PASSTRANSP"",""ROAD"",""MLN_PKM"",""A"",""2012"",64492,"							
"NOR,""PASSTRANSP"",""ROAD"",""MLN_PKM"",""A"",""2013"",65251,"							
"NOR,""PASSTRANSP"",""ROAD"",""MLN_PKM"",""A"",""2014"",67254,"							
"NOR,""PASSTRANSP"",""ROAD"",""MLN_PKM"",""A"",""2015"",68742,"							
"NOR,""PASSTRANSP"",""ROAD"",""MLN_PKM"",""A"",""2016"",69323,"							
"NOR,""PASSTRANSP"",""ROAD"",""MLN_PKM"",""A"",""2017"",70362,""E"""							
"NOR,""PASSTRANSP"",""ROAD"",""MLN_PKM"",""A"",""2018"",70765,""E"""							
"NOR,""PASSTRANSP"",""ROAD"",""MLN_PKM"",""A"",""2019"",71342,""E"""							
"POL,""PASSTRANSP"",""ROAD"",""MLN_PKM"",""A"",""1998"",175135,""E"""							
"POL,""PASSTRANSP"",""ROAD"",""MLN_PKM"",""A"",""1999"",176250,""E"""							
"POL,""PASSTRANSP"",""ROAD"",""MLN_PKM"",""A"",""2000"",189373,""B"""							
"POL,""PASSTRANSP"",""ROAD"",""MLN_PKM"",""A"",""2001"",187737,""E"""							
"POL,""PASSTRANSP"",""ROAD"",""MLN_PKM"",""A"",""2002"",187875,""E"""							
"POL,""PASSTRANSP"",""ROAD"",""MLN_PKM"",""A"",""2003"",192944,""E"""							
"POL,""PASSTRANSP"",""ROAD"",""MLN_PKM"",""A"",""2004"",197895,""E"""							
"POL,""PASSTRANSP"",""ROAD"",""MLN_PKM"",""A"",""2005"",201465,""E"""							
"POL,""PASSTRANSP"",""ROAD"",""MLN_PKM"",""A"",""2006"",205289,""E"""							
"POL,""PASSTRANSP"",""ROAD"",""MLN_PKM"",""A"",""2007"",209959,""E"""							
"POL,""PASSTRANSP"",""ROAD"",""MLN_PKM"",""A"",""2008"",220343,""E"""							
"POL,""PASSTRANSP"",""ROAD"",""MLN_PKM"",""A"",""2009"",226661,""E"""							
"POL,""PASSTRANSP"",""ROAD"",""MLN_PKM"",""A"",""2010"",230461,""E"""							
"POL,""PASSTRANSP"",""ROAD"",""MLN_PKM"",""A"",""2011"",229229,"							
"POL,""PASSTRANSP"",""ROAD"",""MLN_PKM"",""A"",""2012"",228743,""E"""							
"POL,""PASSTRANSP"",""ROAD"",""MLN_PKM"",""A"",""2013"",231117,""E"""							
"POL,""PASSTRANSP"",""ROAD"",""MLN_PKM"",""A"",""2014"",236190,""E"""							
"POL,""PASSTRANSP"",""ROAD"",""MLN_PKM"",""A"",""2015"",238150,""E"""							
"POL,""PASSTRANSP"",""ROAD"",""MLN_PKM"",""A"",""2016"",250092,""E"""							
"POL,""PASSTRANSP"",""ROAD"",""MLN_PKM"",""A"",""2017"",257610,""E"""							
"POL,""PASSTRANSP"",""ROAD"",""MLN_PKM"",""A"",""2018"",268386,""E"""							
"POL,""PASSTRANSP"",""ROAD"",""MLN_PKM"",""A"",""2019"",280716,""E"""							
"PRT,""PASSTRANSP"",""ROAD"",""MLN_PKM"",""A"",""1998"",87150,"							
"PRT,""PASSTRANSP"",""ROAD"",""MLN_PKM"",""A"",""1999"",93080,"							
"PRT,""PASSTRANSP"",""ROAD"",""MLN_PKM"",""A"",""2000"",94204,""E"""							
"PRT,""PASSTRANSP"",""ROAD"",""MLN_PKM"",""A"",""2001"",95009,""E"""							
"PRT,""PASSTRANSP"",""ROAD"",""MLN_PKM"",""A"",""2002"",95580,""E"""							
"PRT,""PASSTRANSP"",""ROAD"",""MLN_PKM"",""A"",""2003"",96541,""E"""							
"PRT,""PASSTRANSP"",""ROAD"",""MLN_PKM"",""A"",""2004"",97809,""E"""							
"PRT,""PASSTRANSP"",""ROAD"",""MLN_PKM"",""A"",""2005"",97518,""E"""							
"PRT,""PASSTRANSP"",""ROAD"",""MLN_PKM"",""A"",""2006"",97202,""E"""							
"PRT,""PASSTRANSP"",""ROAD"",""MLN_PKM"",""A"",""2007"",97722,""E"""							
"PRT,""PASSTRANSP"",""ROAD"",""MLN_PKM"",""A"",""2008"",96756,""E"""							
"SVK,""PASSTRANSP"",""ROAD"",""MLN_PKM"",""A"",""1998"",28142,"							
"SVK,""PASSTRANSP"",""ROAD"",""MLN_PKM"",""A"",""1999"",29374,"							
"SVK,""PASSTRANSP"",""ROAD"",""MLN_PKM"",""A"",""2000"",32364,"							
"SVK,""PASSTRANSP"",""ROAD"",""MLN_PKM"",""A"",""2001"",32309,"							
"SVK,""PASSTRANSP"",""ROAD"",""MLN_PKM"",""A"",""2002"",33214,"							
"SVK,""PASSTRANSP"",""ROAD"",""MLN_PKM"",""A"",""2003"",32981,"							
"SVK,""PASSTRANSP"",""ROAD"",""MLN_PKM"",""A"",""2004"",32214,"							
"SVK,""PASSTRANSP"",""ROAD"",""MLN_PKM"",""A"",""2005"",33564,"							
"SVK,""PASSTRANSP"",""ROAD"",""MLN_PKM"",""A"",""2006"",33736,"							
"SVK,""PASSTRANSP"",""ROAD"",""MLN_PKM"",""A"",""2007"",33731,"							
"SVK,""PASSTRANSP"",""ROAD"",""MLN_PKM"",""A"",""2008"",32962,"							
"SVK,""PASSTRANSP"",""ROAD"",""MLN_PKM"",""A"",""2009"",31715,"							
"SVK,""PASSTRANSP"",""ROAD"",""MLN_PKM"",""A"",""2010"",32021,"							
"SVK,""PASSTRANSP"",""ROAD"",""MLN_PKM"",""A"",""2011"",32225,"							
"SVK,""PASSTRANSP"",""ROAD"",""MLN_PKM"",""A"",""2012"",32235,"							
"SVK,""PASSTRANSP"",""ROAD"",""MLN_PKM"",""A"",""2013"",32321,"							
"SVK,""PASSTRANSP"",""ROAD"",""MLN_PKM"",""A"",""2014"",32532,"							
"SVK,""PASSTRANSP"",""ROAD"",""MLN_PKM"",""A"",""2015"",32799,"							
"SVK,""PASSTRANSP"",""ROAD"",""MLN_PKM"",""A"",""2016"",33665,"							
"SVK,""PASSTRANSP"",""ROAD"",""MLN_PKM"",""A"",""2017"",34050,"							
"SVK,""PASSTRANSP"",""ROAD"",""MLN_PKM"",""A"",""2018"",34699,"							
"SVK,""PASSTRANSP"",""ROAD"",""MLN_PKM"",""A"",""2019"",34803,"							
"ESP,""PASSTRANSP"",""ROAD"",""MLN_PKM"",""A"",""1998"",320972,"							
"ESP,""PASSTRANSP"",""ROAD"",""MLN_PKM"",""A"",""1999"",341329,"							
"ESP,""PASSTRANSP"",""ROAD"",""MLN_PKM"",""A"",""2000"",330263,""B"""							
"ESP,""PASSTRANSP"",""ROAD"",""MLN_PKM"",""A"",""2001"",336520,"							
"ESP,""PASSTRANSP"",""ROAD"",""MLN_PKM"",""A"",""2002"",362576,"							
"ESP,""PASSTRANSP"",""ROAD"",""MLN_PKM"",""A"",""2003"",371137,"							
"ESP,""PASSTRANSP"",""ROAD"",""MLN_PKM"",""A"",""2004"",383650,"							
"ESP,""PASSTRANSP"",""ROAD"",""MLN_PKM"",""A"",""2005"",390973,"							
"ESP,""PASSTRANSP"",""ROAD"",""MLN_PKM"",""A"",""2006"",390306,"							
"ESP,""PASSTRANSP"",""ROAD"",""MLN_PKM"",""A"",""2007"",402456,"							
"ESP,""PASSTRANSP"",""ROAD"",""MLN_PKM"",""A"",""2008"",403475,"							
"ESP,""PASSTRANSP"",""ROAD"",""MLN_PKM"",""A"",""2009"",407444,"							
"ESP,""PASSTRANSP"",""ROAD"",""MLN_PKM"",""A"",""2010"",392531,"							
"ESP,""PASSTRANSP"",""ROAD"",""MLN_PKM"",""A"",""2011"",389763,"							
"ESP,""PASSTRANSP"",""ROAD"",""MLN_PKM"",""A"",""2012"",375576,"							
"ESP,""PASSTRANSP"",""ROAD"",""MLN_PKM"",""A"",""2013"",370375,"							
"ESP,""PASSTRANSP"",""ROAD"",""MLN_PKM"",""A"",""2014"",348173,""B"""							
"ESP,""PASSTRANSP"",""ROAD"",""MLN_PKM"",""A"",""2015"",363942,"							
"ESP,""PASSTRANSP"",""ROAD"",""MLN_PKM"",""A"",""2016"",377643,"							
"ESP,""PASSTRANSP"",""ROAD"",""MLN_PKM"",""A"",""2017"",363368,"							
"ESP,""PASSTRANSP"",""ROAD"",""MLN_PKM"",""A"",""2018"",372744,"							
"SWE,""PASSTRANSP"",""ROAD"",""MLN_PKM"",""A"",""1998"",108152,"							
"SWE,""PASSTRANSP"",""ROAD"",""MLN_PKM"",""A"",""1999"",110336,""B"""							
"SWE,""PASSTRANSP"",""ROAD"",""MLN_PKM"",""A"",""2000"",113273,""B"""							
"SWE,""PASSTRANSP"",""ROAD"",""MLN_PKM"",""A"",""2001"",114464,"							
"SWE,""PASSTRANSP"",""ROAD"",""MLN_PKM"",""A"",""2002"",116344,"							
"SWE,""PASSTRANSP"",""ROAD"",""MLN_PKM"",""A"",""2003"",117084,"							
"SWE,""PASSTRANSP"",""ROAD"",""MLN_PKM"",""A"",""2004"",118077,"							
"SWE,""PASSTRANSP"",""ROAD"",""MLN_PKM"",""A"",""2005"",117710,"							
"SWE,""PASSTRANSP"",""ROAD"",""MLN_PKM"",""A"",""2006"",117951,"							
"SWE,""PASSTRANSP"",""ROAD"",""MLN_PKM"",""A"",""2007"",120171,"							
"SWE,""PASSTRANSP"",""ROAD"",""MLN_PKM"",""A"",""2008"",119160,"							
"SWE,""PASSTRANSP"",""ROAD"",""MLN_PKM"",""A"",""2009"",118660,"							
"SWE,""PASSTRANSP"",""ROAD"",""MLN_PKM"",""A"",""2010"",117935,"							
"SWE,""PASSTRANSP"",""ROAD"",""MLN_PKM"",""A"",""2011"",119294,"							
"SWE,""PASSTRANSP"",""ROAD"",""MLN_PKM"",""A"",""2012"",118479,"							
"SWE,""PASSTRANSP"",""ROAD"",""MLN_PKM"",""A"",""2013"",118568,"							
"SWE,""PASSTRANSP"",""ROAD"",""MLN_PKM"",""A"",""2014"",120664,"							
"SWE,""PASSTRANSP"",""ROAD"",""MLN_PKM"",""A"",""2015"",122392,"							
"SWE,""PASSTRANSP"",""ROAD"",""MLN_PKM"",""A"",""2016"",125073,"							
"SWE,""PASSTRANSP"",""ROAD"",""MLN_PKM"",""A"",""2017"",126765,"							
"SWE,""PASSTRANSP"",""ROAD"",""MLN_PKM"",""A"",""2018"",126730.18472015,"							
"SWE,""PASSTRANSP"",""ROAD"",""MLN_PKM"",""A"",""2019"",125405.70155975,"							
"CHE,""PASSTRANSP"",""ROAD"",""MLN_PKM"",""A"",""1998"",78009,""B"""							
"CHE,""PASSTRANSP"",""ROAD"",""MLN_PKM"",""A"",""1999"",78973,"							
"CHE,""PASSTRANSP"",""ROAD"",""MLN_PKM"",""A"",""2000"",80499,"							
"CHE,""PASSTRANSP"",""ROAD"",""MLN_PKM"",""A"",""2001"",81109,"							
"CHE,""PASSTRANSP"",""ROAD"",""MLN_PKM"",""A"",""2002"",82003,"							
"CHE,""PASSTRANSP"",""ROAD"",""MLN_PKM"",""A"",""2003"",82774,"							
"CHE,""PASSTRANSP"",""ROAD"",""MLN_PKM"",""A"",""2004"",83587,"							
"CHE,""PASSTRANSP"",""ROAD"",""MLN_PKM"",""A"",""2005"",83937,"							
"CHE,""PASSTRANSP"",""ROAD"",""MLN_PKM"",""A"",""2006"",84783,"							
"CHE,""PASSTRANSP"",""ROAD"",""MLN_PKM"",""A"",""2007"",85757,"							
"CHE,""PASSTRANSP"",""ROAD"",""MLN_PKM"",""A"",""2008"",87626.684209783,"							
"CHE,""PASSTRANSP"",""ROAD"",""MLN_PKM"",""A"",""2009"",90239.259008148,"							
"CHE,""PASSTRANSP"",""ROAD"",""MLN_PKM"",""A"",""2010"",92419.387321189,"							
"CHE,""PASSTRANSP"",""ROAD"",""MLN_PKM"",""A"",""2011"",93400.149412342,"							
"CHE,""PASSTRANSP"",""ROAD"",""MLN_PKM"",""A"",""2012"",94987.570779686,"							
"CHE,""PASSTRANSP"",""ROAD"",""MLN_PKM"",""A"",""2013"",96362.440481672,"							
"CHE,""PASSTRANSP"",""ROAD"",""MLN_PKM"",""A"",""2014"",97720.369848966,"							
"CHE,""PASSTRANSP"",""ROAD"",""MLN_PKM"",""A"",""2015"",99158.08360765,"							
"CHE,""PASSTRANSP"",""ROAD"",""MLN_PKM"",""A"",""2016"",101275.7072384,"							
"CHE,""PASSTRANSP"",""ROAD"",""MLN_PKM"",""A"",""2017"",103104.041618,"							
"CHE,""PASSTRANSP"",""ROAD"",""MLN_PKM"",""A"",""2018"",104331.24281709,"							
"GBR,""PASSTRANSP"",""ROAD"",""MLN_PKM"",""A"",""1998"",680577.52258647,"							
"GBR,""PASSTRANSP"",""ROAD"",""MLN_PKM"",""A"",""1999"",688286.68197619,"							
"GBR,""PASSTRANSP"",""ROAD"",""MLN_PKM"",""A"",""2000"",685066.07249072,"							
"GBR,""PASSTRANSP"",""ROAD"",""MLN_PKM"",""A"",""2001"",697936.19970162,"							
"GBR,""PASSTRANSP"",""ROAD"",""MLN_PKM"",""A"",""2002"",719619.46918281,"							
"GBR,""PASSTRANSP"",""ROAD"",""MLN_PKM"",""A"",""2003"",714356.3389006,"							
"GBR,""PASSTRANSP"",""ROAD"",""MLN_PKM"",""A"",""2004"",713486.0591129,"							
"GBR,""PASSTRANSP"",""ROAD"",""MLN_PKM"",""A"",""2005"",709177.57015752,"							
"GBR,""PASSTRANSP"",""ROAD"",""MLN_PKM"",""A"",""2006"",712903.50235211,"							
"GBR,""PASSTRANSP"",""ROAD"",""MLN_PKM"",""A"",""2007"",713789.54196507,"							
"GBR,""PASSTRANSP"",""ROAD"",""MLN_PKM"",""A"",""2008"",709810.86816986,"							
"GBR,""PASSTRANSP"",""ROAD"",""MLN_PKM"",""A"",""2009"",706186.33837958,"							
"GBR,""PASSTRANSP"",""ROAD"",""MLN_PKM"",""A"",""2010"",690422.31784542,"							
"GBR,""PASSTRANSP"",""ROAD"",""MLN_PKM"",""A"",""2011"",686926.39782221,"							
"GBR,""PASSTRANSP"",""ROAD"",""MLN_PKM"",""A"",""2012"",689558.26445574,"							
"GBR,""PASSTRANSP"",""ROAD"",""MLN_PKM"",""A"",""2013"",682226.87529255,"							
"GBR,""PASSTRANSP"",""ROAD"",""MLN_PKM"",""A"",""2014"",693953.35242932,"							
"GBR,""PASSTRANSP"",""ROAD"",""MLN_PKM"",""A"",""2015"",694493.49924388,"							
"GBR,""PASSTRANSP"",""ROAD"",""MLN_PKM"",""A"",""2016"",699864.53629908,"							
"GBR,""PASSTRANSP"",""ROAD"",""MLN_PKM"",""A"",""2017"",707821.5871089,"							
"GBR,""PASSTRANSP"",""ROAD"",""MLN_PKM"",""A"",""2018"",707980.37881486,"							
"ALB,""PASSTRANSP"",""ROAD"",""MLN_PKM"",""A"",""1998"",4924,""E"""							
"ALB,""PASSTRANSP"",""ROAD"",""MLN_PKM"",""A"",""1999"",5183,""E"""							
"ALB,""PASSTRANSP"",""ROAD"",""MLN_PKM"",""A"",""2000"",5299,""E"""							
"ALB,""PASSTRANSP"",""ROAD"",""MLN_PKM"",""A"",""2001"",5370,""E"""							
"ALB,""PASSTRANSP"",""ROAD"",""MLN_PKM"",""A"",""2002"",6065,""E"""							
"ALB,""PASSTRANSP"",""ROAD"",""MLN_PKM"",""A"",""2003"",6495,""E"""							
"ALB,""PASSTRANSP"",""ROAD"",""MLN_PKM"",""A"",""2004"",6481,""E"""							
"ALB,""PASSTRANSP"",""ROAD"",""MLN_PKM"",""A"",""2005"",6925,""E"""							
"ALB,""PASSTRANSP"",""ROAD"",""MLN_PKM"",""A"",""2006"",7350,""E"""							
"ALB,""PASSTRANSP"",""ROAD"",""MLN_PKM"",""A"",""2007"",7040,""E"""							
"ALB,""PASSTRANSP"",""ROAD"",""MLN_PKM"",""A"",""2008"",6437,""E"""							
"ALB,""PASSTRANSP"",""ROAD"",""MLN_PKM"",""A"",""2009"",7370,""E"""							
"ALB,""PASSTRANSP"",""ROAD"",""MLN_PKM"",""A"",""2010"",7905,""E"""							
"ALB,""PASSTRANSP"",""ROAD"",""MLN_PKM"",""A"",""2011"",7980,""E"""							
"ALB,""PASSTRANSP"",""ROAD"",""MLN_PKM"",""A"",""2012"",7637,""E"""							
"ALB,""PASSTRANSP"",""ROAD"",""MLN_PKM"",""A"",""2013"",8650,""E"""							
"BGR,""PASSTRANSP"",""ROAD"",""MLN_PKM"",""A"",""1998"",12635,"							
"BGR,""PASSTRANSP"",""ROAD"",""MLN_PKM"",""A"",""1999"",14623,"							
"BGR,""PASSTRANSP"",""ROAD"",""MLN_PKM"",""A"",""2000"",15108,""B"""							
"BGR,""PASSTRANSP"",""ROAD"",""MLN_PKM"",""A"",""2001"",15707,"							
"BGR,""PASSTRANSP"",""ROAD"",""MLN_PKM"",""A"",""2002"",17018,"							
"BGR,""PASSTRANSP"",""ROAD"",""MLN_PKM"",""A"",""2003"",14005,"							
"BGR,""PASSTRANSP"",""ROAD"",""MLN_PKM"",""A"",""2004"",12057,"							
"BGR,""PASSTRANSP"",""ROAD"",""MLN_PKM"",""A"",""2005"",12289,"							
"BGR,""PASSTRANSP"",""ROAD"",""MLN_PKM"",""A"",""2006"",12039,"							
"BGR,""PASSTRANSP"",""ROAD"",""MLN_PKM"",""A"",""2007"",12209,"							
"BGR,""PASSTRANSP"",""ROAD"",""MLN_PKM"",""A"",""2008"",12305,"							
"BGR,""PASSTRANSP"",""ROAD"",""MLN_PKM"",""A"",""2009"",10073,"							
"BGR,""PASSTRANSP"",""ROAD"",""MLN_PKM"",""A"",""2010"",9924,"							
"BGR,""PASSTRANSP"",""ROAD"",""MLN_PKM"",""A"",""2011"",9766,"							
"BGR,""PASSTRANSP"",""ROAD"",""MLN_PKM"",""A"",""2012"",9233,"							
"BGR,""PASSTRANSP"",""ROAD"",""MLN_PKM"",""A"",""2013"",8916,"							
"BGR,""PASSTRANSP"",""ROAD"",""MLN_PKM"",""A"",""2014"",10145,"							
"BGR,""PASSTRANSP"",""ROAD"",""MLN_PKM"",""A"",""2015"",10231,"							
"BGR,""PASSTRANSP"",""ROAD"",""MLN_PKM"",""A"",""2016"",9757,"							
"BGR,""PASSTRANSP"",""ROAD"",""MLN_PKM"",""A"",""2017"",9179,"							
"BGR,""PASSTRANSP"",""ROAD"",""MLN_PKM"",""A"",""2018"",8588,"							
"BGR,""PASSTRANSP"",""ROAD"",""MLN_PKM"",""A"",""2019"",9175,"							
"LTU,""PASSTRANSP"",""ROAD"",""MLN_PKM"",""A"",""2002"",18542,"							
"LTU,""PASSTRANSP"",""ROAD"",""MLN_PKM"",""A"",""2003"",21976,"							
"LTU,""PASSTRANSP"",""ROAD"",""MLN_PKM"",""A"",""2004"",28939,"							
"LTU,""PASSTRANSP"",""ROAD"",""MLN_PKM"",""A"",""2005"",38060,"							
"LTU,""PASSTRANSP"",""ROAD"",""MLN_PKM"",""A"",""2006"",42755,"							
"LTU,""PASSTRANSP"",""ROAD"",""MLN_PKM"",""A"",""2007"",42289,"							
"LTU,""PASSTRANSP"",""ROAD"",""MLN_PKM"",""A"",""2008"",40943,"							
"LTU,""PASSTRANSP"",""ROAD"",""MLN_PKM"",""A"",""2009"",38437,"							
"LTU,""PASSTRANSP"",""ROAD"",""MLN_PKM"",""A"",""2010"",34917,"							
"LTU,""PASSTRANSP"",""ROAD"",""MLN_PKM"",""A"",""2011"",32308,"							
"LTU,""PASSTRANSP"",""ROAD"",""MLN_PKM"",""A"",""2012"",36578,"							
"LTU,""PASSTRANSP"",""ROAD"",""MLN_PKM"",""A"",""2013"",35846,"							
"LTU,""PASSTRANSP"",""ROAD"",""MLN_PKM"",""A"",""2014"",27038,"							
"LTU,""PASSTRANSP"",""ROAD"",""MLN_PKM"",""A"",""2015"",27322,"							
"LTU,""PASSTRANSP"",""ROAD"",""MLN_PKM"",""A"",""2016"",28215,"							
"LTU,""PASSTRANSP"",""ROAD"",""MLN_PKM"",""A"",""2017"",33835,"							
"LTU,""PASSTRANSP"",""ROAD"",""MLN_PKM"",""A"",""2018"",32702,"							
"MKD,""PASSTRANSP"",""ROAD"",""MLN_PKM"",""A"",""2000"",6519,""E"""							
"MKD,""PASSTRANSP"",""ROAD"",""MLN_PKM"",""A"",""2001"",6337,""E"""							
"MKD,""PASSTRANSP"",""ROAD"",""MLN_PKM"",""A"",""2002"",6591,""E"""							
"MKD,""PASSTRANSP"",""ROAD"",""MLN_PKM"",""A"",""2003"",6784,""E"""							
"MKD,""PASSTRANSP"",""ROAD"",""MLN_PKM"",""A"",""2004"",6022,""E"""							
"MKD,""PASSTRANSP"",""ROAD"",""MLN_PKM"",""A"",""2005"",5722,""E"""							
"MKD,""PASSTRANSP"",""ROAD"",""MLN_PKM"",""A"",""2006"",5387,""E"""							
"MKD,""PASSTRANSP"",""ROAD"",""MLN_PKM"",""A"",""2007"",5518,""E"""							
"MKD,""PASSTRANSP"",""ROAD"",""MLN_PKM"",""A"",""2008"",6000,""E"""							
"MKD,""PASSTRANSP"",""ROAD"",""MLN_PKM"",""A"",""2009"",6009,""E"""							
"MKD,""PASSTRANSP"",""ROAD"",""MLN_PKM"",""A"",""2010"",6667,""E"""							
"MKD,""PASSTRANSP"",""ROAD"",""MLN_PKM"",""A"",""2011"",7530,""E"""							
"MKD,""PASSTRANSP"",""ROAD"",""MLN_PKM"",""A"",""2012"",7110,""E"""							
"MKD,""PASSTRANSP"",""ROAD"",""MLN_PKM"",""A"",""2013"",7944,""E"""							
"MKD,""PASSTRANSP"",""ROAD"",""MLN_PKM"",""A"",""2014"",9243,""E"""							
"MKD,""PASSTRANSP"",""ROAD"",""MLN_PKM"",""A"",""2015"",9263,""E"""							
"MKD,""PASSTRANSP"",""ROAD"",""MLN_PKM"",""A"",""2016"",9261,""E"""							
"MKD,""PASSTRANSP"",""ROAD"",""MLN_PKM"",""A"",""2017"",11499,"							
"MKD,""PASSTRANSP"",""ROAD"",""MLN_PKM"",""A"",""2018"",11698,"							
"MKD,""PASSTRANSP"",""ROAD"",""MLN_PKM"",""A"",""2019"",11731,"							
"SVN,""PASSTRANSP"",""ROAD"",""MLN_PKM"",""A"",""1998"",22856,"							
"SVN,""PASSTRANSP"",""ROAD"",""MLN_PKM"",""A"",""1999"",24212,"							
"SVN,""PASSTRANSP"",""ROAD"",""MLN_PKM"",""A"",""2000"",23827,"							
"SVN,""PASSTRANSP"",""ROAD"",""MLN_PKM"",""A"",""2001"",24194,"							
"SVN,""PASSTRANSP"",""ROAD"",""MLN_PKM"",""A"",""2002"",24626,"							
"SVN,""PASSTRANSP"",""ROAD"",""MLN_PKM"",""A"",""2003"",24777,"							
"SVN,""PASSTRANSP"",""ROAD"",""MLN_PKM"",""A"",""2004"",25260,"							
"SVN,""PASSTRANSP"",""ROAD"",""MLN_PKM"",""A"",""2005"",25571,"							
"SVN,""PASSTRANSP"",""ROAD"",""MLN_PKM"",""A"",""2006"",26139,"							
"SVN,""PASSTRANSP"",""ROAD"",""MLN_PKM"",""A"",""2007"",27590,"							
"SVN,""PASSTRANSP"",""ROAD"",""MLN_PKM"",""A"",""2008"",28024,"							
"SVN,""PASSTRANSP"",""ROAD"",""MLN_PKM"",""A"",""2009"",28971,"							
"SVN,""PASSTRANSP"",""ROAD"",""MLN_PKM"",""A"",""2010"",28819,"							
"MNE,""PASSTRANSP"",""ROAD"",""MLN_PKM"",""A"",""2001"",134,"							
"MNE,""PASSTRANSP"",""ROAD"",""MLN_PKM"",""A"",""2002"",121,"							
"MNE,""PASSTRANSP"",""ROAD"",""MLN_PKM"",""A"",""2003"",99,"							
"MNE,""PASSTRANSP"",""ROAD"",""MLN_PKM"",""A"",""2004"",101,"							
"MNE,""PASSTRANSP"",""ROAD"",""MLN_PKM"",""A"",""2005"",85,"							
"MNE,""PASSTRANSP"",""ROAD"",""MLN_PKM"",""A"",""2006"",115,"							
"MNE,""PASSTRANSP"",""ROAD"",""MLN_PKM"",""A"",""2007"",141,"							
"MNE,""PASSTRANSP"",""ROAD"",""MLN_PKM"",""A"",""2008"",123,"							
"MNE,""PASSTRANSP"",""ROAD"",""MLN_PKM"",""A"",""2009"",102,"							
"MNE,""PASSTRANSP"",""ROAD"",""MLN_PKM"",""A"",""2010"",81,"							
"MNE,""PASSTRANSP"",""ROAD"",""MLN_PKM"",""A"",""2011"",80,"							
"MNE,""PASSTRANSP"",""ROAD"",""MLN_PKM"",""A"",""2012"",111,"							
"MNE,""PASSTRANSP"",""ROAD"",""MLN_PKM"",""A"",""2013"",109,"							
"MNE,""PASSTRANSP"",""ROAD"",""MLN_PKM"",""A"",""2014"",108,"							
"MNE,""PASSTRANSP"",""ROAD"",""MLN_PKM"",""A"",""2015"",110,"							
"MNE,""PASSTRANSP"",""ROAD"",""MLN_PKM"",""A"",""2016"",114,"							
"MNE,""PASSTRANSP"",""ROAD"",""MLN_PKM"",""A"",""2017"",114,"							
"HRV,""PASSTRANSP"",""ROAD"",""MLN_PKM"",""A"",""1998"",3964,"							
"HRV,""PASSTRANSP"",""ROAD"",""MLN_PKM"",""A"",""1999"",3355,"							
"HRV,""PASSTRANSP"",""ROAD"",""MLN_PKM"",""A"",""2000"",3331,"							
"HRV,""PASSTRANSP"",""ROAD"",""MLN_PKM"",""A"",""2001"",3478,"							
"HRV,""PASSTRANSP"",""ROAD"",""MLN_PKM"",""A"",""2002"",3557,"							
"HRV,""PASSTRANSP"",""ROAD"",""MLN_PKM"",""A"",""2003"",3717,"							
"HRV,""PASSTRANSP"",""ROAD"",""MLN_PKM"",""A"",""2004"",3390,"							
"HRV,""PASSTRANSP"",""ROAD"",""MLN_PKM"",""A"",""2005"",3403,"							
"HRV,""PASSTRANSP"",""ROAD"",""MLN_PKM"",""A"",""2006"",3537,"							
"HRV,""PASSTRANSP"",""ROAD"",""MLN_PKM"",""A"",""2007"",3808,"							
"HRV,""PASSTRANSP"",""ROAD"",""MLN_PKM"",""A"",""2008"",4093,"							
"HRV,""PASSTRANSP"",""ROAD"",""MLN_PKM"",""A"",""2009"",3438,"							
"HRV,""PASSTRANSP"",""ROAD"",""MLN_PKM"",""A"",""2010"",3284,"							
"HRV,""PASSTRANSP"",""ROAD"",""MLN_PKM"",""A"",""2011"",3145,"							
"HRV,""PASSTRANSP"",""ROAD"",""MLN_PKM"",""A"",""2012"",3249,"							
"HRV,""PASSTRANSP"",""ROAD"",""MLN_PKM"",""A"",""2013"",3507,"							
"HRV,""PASSTRANSP"",""ROAD"",""MLN_PKM"",""A"",""2014"",3648,"							
"HRV,""PASSTRANSP"",""ROAD"",""MLN_PKM"",""A"",""2015"",3377,""B"""							
"HRV,""PASSTRANSP"",""ROAD"",""MLN_PKM"",""A"",""2016"",3802,"							
"HRV,""PASSTRANSP"",""ROAD"",""MLN_PKM"",""A"",""2017"",4150,"							
"HRV,""PASSTRANSP"",""ROAD"",""MLN_PKM"",""A"",""2018"",3843,"							
"HRV,""PASSTRANSP"",""ROAD"",""MLN_PKM"",""A"",""2019"",4022,"							
"EST,""PASSTRANSP"",""ROAD"",""MLN_PKM"",""A"",""1998"",2265,"							
"EST,""PASSTRANSP"",""ROAD"",""MLN_PKM"",""A"",""1999"",2222,"							
"EST,""PASSTRANSP"",""ROAD"",""MLN_PKM"",""A"",""2000"",2630,"							
"EST,""PASSTRANSP"",""ROAD"",""MLN_PKM"",""A"",""2001"",2720,""B"""							
"EST,""PASSTRANSP"",""ROAD"",""MLN_PKM"",""A"",""2002"",2603,"							
"EST,""PASSTRANSP"",""ROAD"",""MLN_PKM"",""A"",""2003"",2573,"							
"EST,""PASSTRANSP"",""ROAD"",""MLN_PKM"",""A"",""2004"",2714,"							
"EST,""PASSTRANSP"",""ROAD"",""MLN_PKM"",""A"",""2005"",2938,"							
"EST,""PASSTRANSP"",""ROAD"",""MLN_PKM"",""A"",""2006"",3112,"							
"EST,""PASSTRANSP"",""ROAD"",""MLN_PKM"",""A"",""2007"",2909,"							
"EST,""PASSTRANSP"",""ROAD"",""MLN_PKM"",""A"",""2008"",2676,"							
"EST,""PASSTRANSP"",""ROAD"",""MLN_PKM"",""A"",""2009"",2336,"							
"EST,""PASSTRANSP"",""ROAD"",""MLN_PKM"",""A"",""2010"",2266,"							
"EST,""PASSTRANSP"",""ROAD"",""MLN_PKM"",""A"",""2011"",2260,"							
"EST,""PASSTRANSP"",""ROAD"",""MLN_PKM"",""A"",""2012"",2490,"							
"EST,""PASSTRANSP"",""ROAD"",""MLN_PKM"",""A"",""2013"",2619,"							
"EST,""PASSTRANSP"",""ROAD"",""MLN_PKM"",""A"",""2014"",2569,"							
"EST,""PASSTRANSP"",""ROAD"",""MLN_PKM"",""A"",""2015"",3315,"							
"EST,""PASSTRANSP"",""ROAD"",""MLN_PKM"",""A"",""2016"",2995,""B"""							
"EST,""PASSTRANSP"",""ROAD"",""MLN_PKM"",""A"",""2017"",2929,"							
"EST,""PASSTRANSP"",""ROAD"",""MLN_PKM"",""A"",""2018"",2924,"							
"EST,""PASSTRANSP"",""ROAD"",""MLN_PKM"",""A"",""2019"",3240,"							
"LVA,""PASSTRANSP"",""ROAD"",""MLN_PKM"",""A"",""1998"",1903,"							
"LVA,""PASSTRANSP"",""ROAD"",""MLN_PKM"",""A"",""1999"",2368,"							
"LVA,""PASSTRANSP"",""ROAD"",""MLN_PKM"",""A"",""2000"",2348,"							
"LVA,""PASSTRANSP"",""ROAD"",""MLN_PKM"",""A"",""2001"",2305,"							
"LVA,""PASSTRANSP"",""ROAD"",""MLN_PKM"",""A"",""2002"",2361,"							
"LVA,""PASSTRANSP"",""ROAD"",""MLN_PKM"",""A"",""2003"",2550,"							
"LVA,""PASSTRANSP"",""ROAD"",""MLN_PKM"",""A"",""2004"",2655,"							
"LVA,""PASSTRANSP"",""ROAD"",""MLN_PKM"",""A"",""2005"",2891,"							
"LVA,""PASSTRANSP"",""ROAD"",""MLN_PKM"",""A"",""2006"",2800,"							
"LVA,""PASSTRANSP"",""ROAD"",""MLN_PKM"",""A"",""2007"",2644,"							
"LVA,""PASSTRANSP"",""ROAD"",""MLN_PKM"",""A"",""2008"",2517,"							
"LVA,""PASSTRANSP"",""ROAD"",""MLN_PKM"",""A"",""2009"",2143,"							
"LVA,""PASSTRANSP"",""ROAD"",""MLN_PKM"",""A"",""2010"",2311,"							
"LVA,""PASSTRANSP"",""ROAD"",""MLN_PKM"",""A"",""2011"",2412,"							
"LVA,""PASSTRANSP"",""ROAD"",""MLN_PKM"",""A"",""2012"",2358,"							
"LVA,""PASSTRANSP"",""ROAD"",""MLN_PKM"",""A"",""2013"",2325,"							
"LVA,""PASSTRANSP"",""ROAD"",""MLN_PKM"",""A"",""2014"",2345,"							
"LVA,""PASSTRANSP"",""ROAD"",""MLN_PKM"",""A"",""2015"",2232,"							
"LVA,""PASSTRANSP"",""ROAD"",""MLN_PKM"",""A"",""2016"",2187,"							
"LVA,""PASSTRANSP"",""ROAD"",""MLN_PKM"",""A"",""2017"",2146,"							
"LVA,""PASSTRANSP"",""ROAD"",""MLN_PKM"",""A"",""2018"",2156,"							
"LVA,""PASSTRANSP"",""ROAD"",""MLN_PKM"",""A"",""2019"",2191,"							
"ROU,""PASSTRANSP"",""ROAD"",""MLN_PKM"",""A"",""1998"",8962,"							
"ROU,""PASSTRANSP"",""ROAD"",""MLN_PKM"",""A"",""1999"",8323,"							
"ROU,""PASSTRANSP"",""ROAD"",""MLN_PKM"",""A"",""2000"",7700,"							
"ROU,""PASSTRANSP"",""ROAD"",""MLN_PKM"",""A"",""2001"",7073,"							
"ROU,""PASSTRANSP"",""ROAD"",""MLN_PKM"",""A"",""2002"",6987,"							
"ROU,""PASSTRANSP"",""ROAD"",""MLN_PKM"",""A"",""2003"",9455,"							
"ROU,""PASSTRANSP"",""ROAD"",""MLN_PKM"",""A"",""2004"",9438,"							
"ROU,""PASSTRANSP"",""ROAD"",""MLN_PKM"",""A"",""2005"",11812,"							
"ROU,""PASSTRANSP"",""ROAD"",""MLN_PKM"",""A"",""2006"",11735,"							
"ROU,""PASSTRANSP"",""ROAD"",""MLN_PKM"",""A"",""2007"",12156,"							
"ROU,""PASSTRANSP"",""ROAD"",""MLN_PKM"",""A"",""2008"",13881,""B"""							
"ROU,""PASSTRANSP"",""ROAD"",""MLN_PKM"",""A"",""2009"",12805,"							
"ROU,""PASSTRANSP"",""ROAD"",""MLN_PKM"",""A"",""2010"",11955,"							
"ROU,""PASSTRANSP"",""ROAD"",""MLN_PKM"",""A"",""2011"",11773,"							
"ROU,""PASSTRANSP"",""ROAD"",""MLN_PKM"",""A"",""2012"",12584,"							
"ROU,""PASSTRANSP"",""ROAD"",""MLN_PKM"",""A"",""2013"",12923,"							
"ROU,""PASSTRANSP"",""ROAD"",""MLN_PKM"",""A"",""2014"",14061,"							
"ROU,""PASSTRANSP"",""ROAD"",""MLN_PKM"",""A"",""2015"",17471,"							
"ROU,""PASSTRANSP"",""ROAD"",""MLN_PKM"",""A"",""2016"",18744,"							
"ROU,""PASSTRANSP"",""ROAD"",""MLN_PKM"",""A"",""2017"",18177,"							
"ROU,""PASSTRANSP"",""ROAD"",""MLN_PKM"",""A"",""2018"",19937,"							
"ROU,""PASSTRANSP"",""ROAD"",""MLN_PKM"",""A"",""2019"",20553,"							
"BIH,""PASSTRANSP"",""ROAD"",""MLN_PKM"",""A"",""2007"",2038,"							
"BIH,""PASSTRANSP"",""ROAD"",""MLN_PKM"",""A"",""2008"",2113,"							
"BIH,""PASSTRANSP"",""ROAD"",""MLN_PKM"",""A"",""2009"",1951,"							
"BIH,""PASSTRANSP"",""ROAD"",""MLN_PKM"",""A"",""2011"",1454,"							
"BIH,""PASSTRANSP"",""ROAD"",""MLN_PKM"",""A"",""2012"",1926,"							
"BIH,""PASSTRANSP"",""ROAD"",""MLN_PKM"",""A"",""2013"",1750,"							
"BIH,""PASSTRANSP"",""ROAD"",""MLN_PKM"",""A"",""2014"",1660,"							
"BIH,""PASSTRANSP"",""ROAD"",""MLN_PKM"",""A"",""2015"",1690,"							
"BIH,""PASSTRANSP"",""ROAD"",""MLN_PKM"",""A"",""2016"",1706,"							
"BIH,""PASSTRANSP"",""ROAD"",""MLN_PKM"",""A"",""2017"",1661,"							
"MLT,""PASSTRANSP"",""ROAD"",""MLN_PKM"",""A"",""2014"",1939.6382437894,""P"""							
"MLT,""PASSTRANSP"",""ROAD"",""MLN_PKM"",""A"",""2015"",1953.8873719776,""P"""							
"MLT,""PASSTRANSP"",""ROAD"",""MLN_PKM"",""A"",""2016"",1968.1365001658,""P"""							
"MLT,""PASSTRANSP"",""ROAD"",""MLN_PKM"",""A"",""2017"",1982.385628354,""P"""							
